['trial', 'time', 'objects retrieved', 'size']
agent id,0,time step, 61.83,fitness,0,xpos,0.06017077103298604,ypos,0.040588286194551015,num col,0,genotype,
agent id,1,time step, 61.89,fitness,0,xpos,0.02221589366452132,ypos,-0.1781693967329165,num col,0,genotype,
agent id,2,time step, 61.95,fitness,0,xpos,-0.27881461719196593,ypos,-0.38003908084543936,num col,0,genotype,
agent id,3,time step, 62.01,fitness,0,xpos,0.2546028777955317,ypos,0.5056200524483804,num col,0,genotype,
agent id,4,time step, 62.07,fitness,0,xpos,-0.13797225733063598,ypos,0.02228362361722018,num col,0,genotype,
agent id,0,time step, 93.27,fitness,0,xpos,-0.2732096797332913,ypos,0.37401034106337866,num col,0,genotype,
agent id,1,time step, 93.33,fitness,0,xpos,0.3532172416971351,ypos,-0.5139534592650649,num col,0,genotype,
agent id,2,time step, 93.39,fitness,0,xpos,-0.5508106271242219,ypos,-0.7651783654870807,num col,0,genotype,
agent id,3,time step, 93.45,fitness,0,xpos,0.587235900429141,ypos,0.8397817036367083,num col,0,genotype,
agent id,4,time step, 93.51,fitness,0,xpos,-0.5333774753758018,ypos,-0.02884182374647881,num col,0,genotype,
agent id,0,time step, 123.65,fitness,0,xpos,-0.5952437395974631,ypos,0.6960291554623816,num col,0,genotype,
agent id,1,time step, 123.71000000000001,fitness,0,xpos,0.6730858444224146,ypos,-0.8383612510854365,num col,0,genotype,
agent id,2,time step, 123.77,fitness,0,xpos,-0.8139918924112846,ypos,-1.0416939341426013,num col,0,genotype,
agent id,3,time step, 123.83,fitness,0,xpos,0.9091968082362974,ypos,0.9016668975502955,num col,0,genotype,
agent id,4,time step, 123.89,fitness,0,xpos,-0.4289669525155423,ypos,-0.1629049655276531,num col,0,genotype,
agent id,0,time step, 154.03,fitness,0,xpos,-0.9175603836372159,ypos,0.9016668852704179,num col,0,genotype,
agent id,1,time step, 154.09,fitness,0,xpos,0.9316655939305774,ypos,-1.0416697526481355,num col,0,genotype,
agent id,2,time step, 154.15,fitness,0,xpos,-1.0116387001168736,ypos,-1.0416939729317218,num col,0,genotype,
agent id,3,time step, 154.21,fitness,0,xpos,0.9316675267240844,ypos,0.9016678401001659,num col,0,genotype,
agent id,4,time step, 154.27,fitness,0,xpos,-0.44347187799674315,ypos,-0.22202827962371313,num col,0,genotype,
agent id,0,time step, 184.41,fitness,0,xpos,-1.0116672535778224,ypos,0.9016681093128186,num col,0,genotype,
agent id,1,time step, 184.47,fitness,0,xpos,0.9316655954699191,ypos,-1.0416697603124168,num col,0,genotype,
agent id,2,time step, 184.53,fitness,0,xpos,-1.0116383628392296,ypos,-1.0416942615159936,num col,0,genotype,
agent id,3,time step, 184.59,fitness,0,xpos,0.93166752123589,ypos,0.9016678461469947,num col,0,genotype,
agent id,4,time step, 184.65,fitness,0,xpos,-0.48615138870501196,ypos,-0.22976959220593093,num col,0,genotype,
agent id,0,time step, 214.77,fitness,0,xpos,-1.0116672384401655,ypos,0.9016681123226772,num col,0,genotype,
agent id,1,time step, 214.83,fitness,0,xpos,0.9316655697709725,ypos,-1.04166976850677,num col,0,genotype,
agent id,2,time step, 214.89000000000001,fitness,0,xpos,-1.0116380133771858,ypos,-1.0416945401486835,num col,0,genotype,
agent id,3,time step, 214.95000000000002,fitness,0,xpos,0.9316675195496262,ypos,0.9016678318222121,num col,0,genotype,
agent id,4,time step, 215.01,fitness,0,xpos,-0.47194417327091126,ypos,-0.1718050163237038,num col,0,genotype,
agent id,0,time step, 245.19,fitness,0,xpos,-1.0116672492358172,ypos,0.9016681186118676,num col,0,genotype,
agent id,1,time step, 245.25,fitness,0,xpos,0.931665556898753,ypos,-1.0416697881566281,num col,0,genotype,
agent id,2,time step, 245.31,fitness,0,xpos,-1.0116376742693887,ypos,-1.0416948108646287,num col,0,genotype,
agent id,3,time step, 245.37,fitness,0,xpos,0.9316675236695704,ypos,0.9016678421988468,num col,0,genotype,
agent id,4,time step, 245.43,fitness,0,xpos,-0.37711098373813956,ypos,-0.14422951054873392,num col,0,genotype,
agent id,0,time step, 275.59000000000003,fitness,0,xpos,-1.0116672475325084,ypos,0.9016681167629323,num col,0,genotype,
agent id,1,time step, 275.65000000000003,fitness,0,xpos,0.9316655588691177,ypos,-1.0416697969142508,num col,0,genotype,
agent id,2,time step, 275.71,fitness,0,xpos,-1.0116373202069113,ypos,-1.0416951109220003,num col,0,genotype,
agent id,3,time step, 275.77,fitness,0,xpos,0.931667518648429,ypos,0.9016678499244107,num col,0,genotype,
agent id,4,time step, 275.83,fitness,0,xpos,-0.35090618342682195,ypos,-0.20385458615992139,num col,0,genotype,
agent id,0,time step, 305.99,fitness,0,xpos,-1.0116672312997996,ypos,0.9016681189329814,num col,0,genotype,
agent id,1,time step, 306.05,fitness,0,xpos,0.9316655348779991,ypos,-1.041669804253092,num col,0,genotype,
agent id,2,time step, 306.11,fitness,0,xpos,-1.0116369514850263,ypos,-1.0416954051747136,num col,0,genotype,
agent id,3,time step, 306.17,fitness,0,xpos,0.9316675159916331,ypos,0.9016678356713118,num col,0,genotype,
agent id,4,time step, 306.23,fitness,0,xpos,-0.41045762995447316,ypos,-0.2771484610524009,num col,0,genotype,
agent id,0,time step, 337.33,fitness,0,xpos,-0.1570164278323177,ypos,0.2596042752563677,num col,0,genotype,
agent id,1,time step, 337.39,fitness,0,xpos,0.24246977784431287,ypos,-0.4733790345843243,num col,0,genotype,
agent id,2,time step, 337.45,fitness,0,xpos,-0.21826144242359363,ypos,-0.45496437943571943,num col,0,genotype,
agent id,3,time step, 337.51,fitness,0,xpos,0.3194689265554973,ypos,0.571125575683432,num col,0,genotype,
agent id,4,time step, 337.57,fitness,0,xpos,0.592563986393215,ypos,0.21612429330530697,num col,0,genotype,
agent id,0,time step, 367.69,fitness,0,xpos,-0.4782103494119643,ypos,0.5823190304238336,num col,1,genotype,
agent id,1,time step, 367.75,fitness,0,xpos,0.5093177017860991,ypos,-0.8423044079993444,num col,0,genotype,
agent id,2,time step, 367.81,fitness,0,xpos,-0.41360812674502667,ypos,-0.8662539474175819,num col,1,genotype,
agent id,3,time step, 367.87,fitness,0,xpos,0.6414468478505783,ypos,0.893067843943717,num col,0,genotype,
agent id,4,time step, 367.93,fitness,0,xpos,0.9317182751910866,ypos,0.4087167082285496,num col,0,genotype,
agent id,0,time step, 398.11,fitness,0,xpos,-0.8000008746666448,ypos,0.9016678187045805,num col,1,genotype,
agent id,1,time step, 398.17,fitness,0,xpos,0.7772445743729922,ypos,-1.0416927008475774,num col,0,genotype,
agent id,2,time step, 398.23,fitness,0,xpos,-0.6109093775027212,ypos,-1.0417168700293422,num col,1,genotype,
agent id,3,time step, 398.29,fitness,0,xpos,0.9316686967241415,ypos,0.9016682021165124,num col,0,genotype,
agent id,4,time step, 398.35,fitness,0,xpos,0.9317158784770776,ypos,0.6064942142366089,num col,0,genotype,
agent id,0,time step, 428.49,fitness,0,xpos,-1.0116662738614455,ypos,0.9016668746365197,num col,1,genotype,
agent id,1,time step, 428.55,fitness,0,xpos,0.9316401129458929,ypos,-1.0416907345726014,num col,0,genotype,
agent id,2,time step, 428.61,fitness,0,xpos,-0.814049481338074,ypos,-1.0417124688853865,num col,1,genotype,
agent id,3,time step, 428.67,fitness,0,xpos,0.9316668557903782,ypos,0.9016663448978827,num col,0,genotype,
agent id,4,time step, 428.73,fitness,0,xpos,0.9317127592430386,ypos,0.8106308025948133,num col,0,genotype,
agent id,0,time step, 458.91,fitness,0,xpos,-1.0116679208158932,ypos,0.9016685123209586,num col,1,genotype,
agent id,1,time step, 458.97,fitness,0,xpos,0.9316410170426378,ypos,-1.041692837480046,num col,0,genotype,
agent id,2,time step, 459.03000000000003,fitness,0,xpos,-1.011618573231032,ypos,-1.0417098429813896,num col,1,genotype,
agent id,3,time step, 459.09000000000003,fitness,0,xpos,0.9316547348882618,ypos,0.9017130393607886,num col,0,genotype,
agent id,4,time step, 459.15000000000003,fitness,0,xpos,0.9316534267762585,ypos,0.8446649228864684,num col,0,genotype,
agent id,0,time step, 489.29,fitness,0,xpos,-1.011667943527762,ypos,0.9016685684203529,num col,1,genotype,
agent id,1,time step, 489.35,fitness,0,xpos,0.9316409081941106,ypos,-1.0416934365173742,num col,0,genotype,
agent id,2,time step, 489.41,fitness,0,xpos,-1.011618166216051,ypos,-1.041710989154591,num col,1,genotype,
agent id,3,time step, 489.47,fitness,0,xpos,0.9316554301128434,ypos,0.9017136363023526,num col,0,genotype,
agent id,4,time step, 489.53000000000003,fitness,0,xpos,0.9316531646675837,ypos,0.8446652128795176,num col,0,genotype,
agent id,0,time step, 519.71,fitness,0,xpos,-1.0116662641130956,ypos,0.901666878392596,num col,1,genotype,
agent id,1,time step, 519.77,fitness,0,xpos,0.9316392340213412,ypos,-1.0416915192001723,num col,0,genotype,
agent id,2,time step, 519.83,fitness,0,xpos,-1.0116162892529057,ypos,-1.0417087417568274,num col,1,genotype,
agent id,3,time step, 519.89,fitness,0,xpos,0.9316537825118751,ypos,0.9017116054967856,num col,0,genotype,
agent id,4,time step, 519.95,fitness,0,xpos,0.9316526975406728,ypos,0.8446646244743022,num col,0,genotype,
agent id,0,time step, 550.09,fitness,0,xpos,-1.011667773355863,ypos,0.9016683736961061,num col,1,genotype,
agent id,1,time step, 550.15,fitness,0,xpos,0.9316399767008042,ypos,-1.0416934210759679,num col,0,genotype,
agent id,2,time step, 550.21,fitness,0,xpos,-1.0116172841896829,ypos,-1.0417104746698878,num col,1,genotype,
agent id,3,time step, 550.27,fitness,0,xpos,0.9316548537768916,ypos,0.9017126244394192,num col,0,genotype,
agent id,4,time step, 550.33,fitness,0,xpos,0.9316543325136266,ypos,0.8446646974247292,num col,0,genotype,
agent id,0,time step, 580.51,fitness,0,xpos,-1.0116681348391845,ypos,0.9016687675043132,num col,1,genotype,
agent id,1,time step, 580.57,fitness,0,xpos,0.9316401014974485,ypos,-1.041694431893233,num col,0,genotype,
agent id,2,time step, 580.63,fitness,0,xpos,-1.0116177592301885,ypos,-1.0417115460914004,num col,1,genotype,
agent id,3,time step, 580.69,fitness,0,xpos,0.9316556929797627,ypos,0.9017132070502153,num col,0,genotype,
agent id,4,time step, 580.75,fitness,0,xpos,0.9316546435231559,ypos,0.8446662473853276,num col,0,genotype,
agent id,0,time step, 613.69,fitness,0,xpos,-0.17679435172774602,ypos,0.27888175349764416,num col,1,genotype,
agent id,1,time step, 613.75,fitness,0,xpos,0.18520835101813582,ypos,-0.5405348821418359,num col,0,genotype,
agent id,2,time step, 613.8100000000001,fitness,0,xpos,-0.14679648757307923,ypos,-0.5056133383159213,num col,1,genotype,
agent id,3,time step, 613.87,fitness,0,xpos,0.3030035514040143,ypos,0.6101132042513584,num col,0,genotype,
agent id,4,time step, 613.9300000000001,fitness,0,xpos,0.4885719109008214,ypos,0.39941956482879887,num col,0,genotype,
agent id,0,time step, 644.15,fitness,0,xpos,-0.4993207422780044,ypos,0.6023226440557504,num col,1,genotype,
agent id,1,time step, 644.21,fitness,0,xpos,0.38495682402514353,ypos,-0.9513451521523771,num col,0,genotype,
agent id,2,time step, 644.27,fitness,0,xpos,-0.2660199562176053,ypos,-0.9465879681094067,num col,2,genotype,
agent id,3,time step, 644.33,fitness,0,xpos,0.5966629486562199,ypos,0.9016822314589518,num col,0,genotype,
agent id,4,time step, 644.39,fitness,0,xpos,0.7827313758767906,ypos,0.7488800904367133,num col,0,genotype,
agent id,0,time step, 674.53,fitness,0,xpos,-0.8211465679359667,ypos,0.9016667156417136,num col,1,genotype,
agent id,1,time step, 674.59,fitness,0,xpos,0.5865502243040326,ypos,-1.0417137256150852,num col,0,genotype,
agent id,2,time step, 674.65,fitness,0,xpos,-0.39078445423962016,ypos,-1.0417310447475483,num col,2,genotype,
agent id,3,time step, 674.71,fitness,0,xpos,0.8746674090071759,ypos,0.9016476161354956,num col,0,genotype,
agent id,4,time step, 674.77,fitness,0,xpos,0.931711501877891,ypos,0.9016526221908374,num col,0,genotype,
agent id,0,time step, 704.95,fitness,0,xpos,-1.0116673393695619,ypos,0.9016675555556815,num col,1,genotype,
agent id,1,time step, 705.01,fitness,0,xpos,0.7946388442191226,ypos,-1.0417121518075037,num col,0,genotype,
agent id,2,time step, 705.07,fitness,0,xpos,-0.5304574018942637,ypos,-1.0417284168072363,num col,2,genotype,
agent id,3,time step, 705.13,fitness,0,xpos,0.8746680218452167,ypos,0.9016475209998086,num col,0,genotype,
agent id,4,time step, 705.19,fitness,0,xpos,0.9317130130321108,ypos,0.9016541226640752,num col,0,genotype,
agent id,0,time step, 735.33,fitness,0,xpos,-1.011668359615624,ypos,0.9016685933284136,num col,1,genotype,
agent id,1,time step, 735.39,fitness,0,xpos,0.9316176568411731,ypos,-1.0417113970360117,num col,0,genotype,
agent id,2,time step, 735.45,fitness,0,xpos,-0.6823805520190853,ypos,-1.041727839778593,num col,2,genotype,
agent id,3,time step, 735.51,fitness,0,xpos,0.8746677138858411,ypos,0.901648712877737,num col,0,genotype,
agent id,4,time step, 735.57,fitness,0,xpos,0.9317144908384869,ypos,0.9016548068866392,num col,0,genotype,
agent id,0,time step, 765.75,fitness,0,xpos,-1.0116670563059795,ypos,0.9016672909638809,num col,1,genotype,
agent id,1,time step, 765.8100000000001,fitness,0,xpos,0.9316168838620789,ypos,-1.0417096905616776,num col,0,genotype,
agent id,2,time step, 765.87,fitness,0,xpos,-0.8452187713643039,ypos,-1.0417239003908307,num col,2,genotype,
agent id,3,time step, 765.9300000000001,fitness,0,xpos,0.874667195339716,ypos,0.9016480505933765,num col,0,genotype,
agent id,4,time step, 765.99,fitness,0,xpos,0.9317120080775564,ypos,0.9016536267192458,num col,0,genotype,
agent id,0,time step, 796.13,fitness,0,xpos,-1.0116672294150444,ypos,0.9016674489602245,num col,1,genotype,
agent id,1,time step, 796.19,fitness,0,xpos,0.9316166430038226,ypos,-1.0417096693024384,num col,0,genotype,
agent id,2,time step, 796.25,fitness,0,xpos,-1.0116162963036013,ypos,-1.0417092063529583,num col,2,genotype,
agent id,3,time step, 796.3100000000001,fitness,0,xpos,0.874667481550621,ypos,0.9016483410405797,num col,0,genotype,
agent id,4,time step, 796.37,fitness,0,xpos,0.9317125168803688,ypos,0.9016542181965979,num col,0,genotype,
agent id,0,time step, 826.59,fitness,0,xpos,-1.0116683830282232,ypos,0.9016686176188492,num col,1,genotype,
agent id,1,time step, 826.65,fitness,0,xpos,0.9316176500841471,ypos,-1.0417113894241419,num col,0,genotype,
agent id,2,time step, 826.71,fitness,0,xpos,-1.0116176215030779,ypos,-1.0417113324703626,num col,2,genotype,
agent id,3,time step, 826.77,fitness,0,xpos,0.8746671593795173,ypos,0.9016497180606293,num col,0,genotype,
agent id,4,time step, 826.83,fitness,0,xpos,0.9317144339886061,ypos,0.9016551483757949,num col,0,genotype,
agent id,0,time step, 856.97,fitness,0,xpos,-1.0116672091099272,ypos,0.9016674490065472,num col,1,genotype,
agent id,1,time step, 857.03,fitness,0,xpos,0.9316170302990839,ypos,-1.0417099323539087,num col,0,genotype,
agent id,2,time step, 857.09,fitness,0,xpos,-1.0116171051394198,ypos,-1.0417100620910524,num col,2,genotype,
agent id,3,time step, 857.15,fitness,0,xpos,0.8746666571934545,ypos,0.9016492854084233,num col,0,genotype,
agent id,4,time step, 857.21,fitness,0,xpos,0.9317119794998932,ypos,0.9016540141687426,num col,0,genotype,
agent id,0,time step, 888.35,fitness,0,xpos,-0.15813236383546742,ypos,0.259331566144292,num col,1,genotype,
agent id,1,time step, 888.41,fitness,0,xpos,0.19344293464939868,ypos,-0.5075655041215111,num col,0,genotype,
agent id,2,time step, 888.47,fitness,0,xpos,-0.2438109265488373,ypos,-0.4483168681448136,num col,2,genotype,
agent id,3,time step, 888.53,fitness,0,xpos,0.30506925767516574,ypos,0.5792560314072386,num col,0,genotype,
agent id,4,time step, 888.59,fitness,0,xpos,0.5280616922514352,ypos,0.3222100118823469,num col,0,genotype,
agent id,0,time step, 918.71,fitness,0,xpos,-0.4800085749422924,ypos,0.581392059091765,num col,1,genotype,
agent id,1,time step, 918.77,fitness,0,xpos,0.41482002192167855,ypos,-0.9054645872688016,num col,0,genotype,
agent id,2,time step, 918.83,fitness,0,xpos,-0.4650754262748536,ypos,-0.8462798844471665,num col,2,genotype,
agent id,3,time step, 918.89,fitness,0,xpos,0.6133574592146819,ypos,0.9016739046892245,num col,0,genotype,
agent id,4,time step, 918.95,fitness,0,xpos,0.8753700590967451,ypos,0.6166889249024766,num col,0,genotype,
agent id,0,time step, 949.14,fitness,0,xpos,-0.8025877813234779,ypos,0.9016678989295812,num col,1,genotype,
agent id,1,time step, 949.2,fitness,0,xpos,0.6381403875934761,ypos,-1.0417099926482156,num col,0,genotype,
agent id,2,time step, 949.26,fitness,0,xpos,-0.6879014215976789,ypos,-1.0417103170885271,num col,2,genotype,
agent id,3,time step, 949.32,fitness,0,xpos,0.8843639803739743,ypos,0.9016265707491035,num col,0,genotype,
agent id,4,time step, 949.39,fitness,0,xpos,0.9316150563541041,ypos,0.8670790861045682,num col,0,genotype,
agent id,0,time step, 979.53,fitness,0,xpos,-1.0116662718882699,ypos,0.9016662730496139,num col,1,genotype,
agent id,1,time step, 979.59,fitness,0,xpos,0.866079599278178,ypos,-1.0417046747587029,num col,0,genotype,
agent id,2,time step, 979.65,fitness,0,xpos,-0.915094559670052,ypos,-1.0417050783429374,num col,2,genotype,
agent id,3,time step, 979.71,fitness,0,xpos,0.8844718288592237,ypos,0.9016242519671194,num col,0,genotype,
agent id,4,time step, 979.77,fitness,0,xpos,0.931614954096231,ypos,0.8669906608461054,num col,0,genotype,
agent id,0,time step, 1009.95,fitness,0,xpos,-1.0116675226065357,ypos,0.9016674851626201,num col,1,genotype,
agent id,1,time step, 1010.01,fitness,0,xpos,0.9316212130522418,ypos,-1.0417068227934037,num col,0,genotype,
agent id,2,time step, 1010.07,fitness,0,xpos,-1.0116215146705148,ypos,-1.0417063149510875,num col,2,genotype,
agent id,3,time step, 1010.13,fitness,0,xpos,0.8845029185764013,ypos,0.9016229241031551,num col,0,genotype,
agent id,4,time step, 1010.19,fitness,0,xpos,0.9316131630133874,ypos,0.8669498882217901,num col,0,genotype,
agent id,0,time step, 1040.33,fitness,0,xpos,-1.011669151265669,ypos,0.9016691591679618,num col,1,genotype,
agent id,1,time step, 1040.39,fitness,0,xpos,0.931621732244937,ypos,-1.041709752440099,num col,0,genotype,
agent id,2,time step, 1040.45,fitness,0,xpos,-1.0116221684455597,ypos,-1.0417094865321446,num col,2,genotype,
agent id,3,time step, 1040.51,fitness,0,xpos,0.8843427808395137,ypos,0.9016261193067007,num col,0,genotype,
agent id,4,time step, 1040.57,fitness,0,xpos,0.9316152425995506,ypos,0.8672653695865553,num col,0,genotype,
agent id,0,time step, 1070.75,fitness,0,xpos,-1.011666476913555,ypos,0.9016664832381182,num col,1,genotype,
agent id,1,time step, 1070.81,fitness,0,xpos,0.931619533190993,ypos,-1.0417067822151171,num col,0,genotype,
agent id,2,time step, 1070.8700000000001,fitness,0,xpos,-1.0116200589571627,ypos,-1.0417066624721123,num col,2,genotype,
agent id,3,time step, 1070.93,fitness,0,xpos,0.8844255506125639,ypos,0.9016223637541615,num col,0,genotype,
agent id,4,time step, 1070.99,fitness,0,xpos,0.9316101908268459,ypos,0.8668958328658163,num col,0,genotype,
agent id,0,time step, 1101.13,fitness,0,xpos,-1.0116672996690763,ypos,0.9016672615253708,num col,1,genotype,
agent id,1,time step, 1101.19,fitness,0,xpos,0.9316191737306178,ypos,-1.0417079040220956,num col,0,genotype,
agent id,2,time step, 1101.25,fitness,0,xpos,-1.0116195061840674,ypos,-1.041707396703263,num col,2,genotype,
agent id,3,time step, 1101.31,fitness,0,xpos,0.8845135020229149,ypos,0.9016271033732283,num col,0,genotype,
agent id,4,time step, 1101.3700000000001,fitness,0,xpos,0.9316099456916683,ypos,0.866781723101628,num col,0,genotype,
agent id,0,time step, 1131.55,fitness,0,xpos,-1.0116692575528792,ypos,0.9016692588097587,num col,1,genotype,
agent id,1,time step, 1131.6100000000001,fitness,0,xpos,0.9316197950272503,ypos,-1.0417112416120105,num col,0,genotype,
agent id,2,time step, 1131.67,fitness,0,xpos,-1.0116202297227568,ypos,-1.0417109221902825,num col,2,genotype,
agent id,3,time step, 1131.73,fitness,0,xpos,0.8843252444530758,ypos,0.9016245409617295,num col,0,genotype,
agent id,4,time step, 1131.8,fitness,0,xpos,0.9316159379288599,ypos,0.8672991047937632,num col,0,genotype,
agent id,0,time step, 1164.3,fitness,0,xpos,-0.17283251861438836,ypos,0.27349885473844954,num col,1,genotype,
agent id,1,time step, 1164.3600000000001,fitness,0,xpos,0.20760884119454664,ypos,-0.5230060025654151,num col,0,genotype,
agent id,2,time step, 1164.42,fitness,0,xpos,-0.25912271021947236,ypos,-0.4631098985572724,num col,2,genotype,
agent id,3,time step, 1164.48,fitness,0,xpos,0.40892515157918163,ypos,0.485942400943425,num col,0,genotype,
agent id,4,time step, 1164.54,fitness,0,xpos,0.4022911652199142,ypos,0.4275663942188925,num col,1,genotype,
agent id,0,time step, 1194.72,fitness,0,xpos,-0.4955732464143294,ypos,0.5959237905467101,num col,1,genotype,
agent id,1,time step, 1194.78,fitness,0,xpos,0.4333010140413107,ypos,-0.91947409386075,num col,1,genotype,
agent id,2,time step, 1194.84,fitness,0,xpos,-0.4858162323949262,ypos,-0.8590071753531441,num col,2,genotype,
agent id,3,time step, 1194.9,fitness,0,xpos,0.7904922767499365,ypos,0.7402829578608089,num col,0,genotype,
agent id,4,time step, 1194.96,fitness,1,xpos,0.24116213769165967,ypos,0.13324313524739415,num col,1,genotype,
agent id,0,time step, 1225.1200000000001,fitness,0,xpos,-0.8180995378741003,ypos,0.9016669940744856,num col,1,genotype,
agent id,1,time step, 1225.18,fitness,0,xpos,0.6603513304247626,ypos,-1.0417066810112345,num col,1,genotype,
agent id,2,time step, 1225.24,fitness,0,xpos,-0.7134356771809326,ypos,-1.041706638635342,num col,2,genotype,
agent id,3,time step, 1225.3,fitness,0,xpos,0.9316996148872894,ypos,0.9016314597768244,num col,0,genotype,
agent id,4,time step, 1225.3600000000001,fitness,0,xpos,0.019130202504673594,ypos,-0.2649749987479774,num col,1,genotype,
agent id,0,time step, 1255.52,fitness,0,xpos,-1.0116669256407884,ypos,0.9016676264557364,num col,1,genotype,
agent id,1,time step, 1255.58,fitness,0,xpos,0.8921905827307882,ypos,-1.0417044982756503,num col,1,genotype,
agent id,2,time step, 1255.64,fitness,0,xpos,-0.9455561223815064,ypos,-1.0417043843560978,num col,2,genotype,
agent id,3,time step, 1255.7,fitness,0,xpos,0.9316989471080193,ypos,0.9016302204281151,num col,0,genotype,
agent id,4,time step, 1255.76,fitness,0,xpos,-0.2024459087281947,ypos,-0.6633870647213027,num col,1,genotype,
agent id,0,time step, 1285.9,fitness,0,xpos,-1.0116678181432088,ypos,0.9016685433285064,num col,1,genotype,
agent id,1,time step, 1285.96,fitness,0,xpos,0.9316233447720518,ypos,-1.041706701016998,num col,1,genotype,
agent id,2,time step, 1286.02,fitness,0,xpos,-1.0116237842420972,ypos,-1.0417063263423658,num col,2,genotype,
agent id,3,time step, 1286.08,fitness,0,xpos,0.9317016093190144,ypos,0.9016313422713071,num col,0,genotype,
agent id,4,time step, 1286.14,fitness,0,xpos,-0.42343582102810584,ypos,-1.0417102471022952,num col,1,genotype,
agent id,0,time step, 1316.32,fitness,0,xpos,-1.0116672715110346,ypos,0.9016680020627333,num col,1,genotype,
agent id,1,time step, 1316.38,fitness,0,xpos,0.9316224791673422,ypos,-1.0417065761865292,num col,1,genotype,
agent id,2,time step, 1316.44,fitness,0,xpos,-1.011622995371623,ypos,-1.0417062740668344,num col,2,genotype,
agent id,3,time step, 1316.5,fitness,0,xpos,0.9317009426928919,ypos,0.9016302277414231,num col,0,genotype,
agent id,4,time step, 1316.56,fitness,0,xpos,-0.6440172658328513,ypos,-1.041712338181119,num col,1,genotype,
agent id,0,time step, 1346.7,fitness,0,xpos,-1.0116668759382865,ypos,0.9016675886106624,num col,1,genotype,
agent id,1,time step, 1346.76,fitness,0,xpos,0.9316215494261613,ypos,-1.0417063795783397,num col,1,genotype,
agent id,2,time step, 1346.82,fitness,0,xpos,-1.01162203829697,ypos,-1.0417060110134682,num col,2,genotype,
agent id,3,time step, 1346.88,fitness,0,xpos,0.9316999494088007,ypos,0.9016287594982635,num col,0,genotype,
agent id,4,time step, 1346.94,fitness,0,xpos,-0.8642805333537892,ypos,-1.0417151873956565,num col,1,genotype,
agent id,0,time step, 1377.1200000000001,fitness,0,xpos,-1.0116677593020325,ypos,0.9016684934860818,num col,1,genotype,
agent id,1,time step, 1377.18,fitness,0,xpos,0.9316214576875776,ypos,-1.0417079538300655,num col,1,genotype,
agent id,2,time step, 1377.24,fitness,0,xpos,-1.0116531643406894,ypos,-1.0417119430463144,num col,2,genotype,
agent id,3,time step, 1377.3,fitness,0,xpos,0.931702552651202,ypos,0.9016297536816438,num col,0,genotype,
agent id,4,time step, 1377.3600000000001,fitness,0,xpos,-0.9464952561303027,ypos,-1.0416946084827325,num col,1,genotype,
agent id,0,time step, 1407.5,fitness,0,xpos,-1.0116673402030931,ypos,0.9016680841475976,num col,1,genotype,
agent id,1,time step, 1407.56,fitness,0,xpos,0.9316206560425888,ypos,-1.0417080201580078,num col,1,genotype,
agent id,2,time step, 1407.6200000000001,fitness,0,xpos,-1.0116527012171865,ypos,-1.0417123489058187,num col,2,genotype,
agent id,3,time step, 1407.68,fitness,0,xpos,0.931702261623184,ypos,0.9016288801330735,num col,0,genotype,
agent id,4,time step, 1407.74,fitness,0,xpos,-0.9464934175998718,ypos,-1.041697252896198,num col,1,genotype,
agent id,0,time step, 1439.6200000000001,fitness,0,xpos,0.06588088050354945,ypos,0.019320604315684203,num col,1,genotype,
agent id,1,time step, 1439.68,fitness,0,xpos,0.20717521468534297,ypos,-0.5124922131706594,num col,2,genotype,
agent id,2,time step, 1439.74,fitness,0,xpos,-0.2579018088632198,ypos,-0.44943818711170913,num col,2,genotype,
agent id,3,time step, 1439.84,fitness,0,xpos,0.39101265248691397,ypos,0.49927512245452543,num col,0,genotype,
agent id,4,time step, 1439.98,fitness,0,xpos,-0.14695721885205967,ypos,-0.13902104417110037,num col,1,genotype,
agent id,0,time step, 1470.1200000000001,fitness,0,xpos,0.27209506044409537,ypos,0.42762030936367584,num col,1,genotype,
agent id,1,time step, 1470.18,fitness,0,xpos,0.4374664722723041,ypos,-0.9077077768842389,num col,2,genotype,
agent id,2,time step, 1470.24,fitness,0,xpos,-0.4927733125014578,ypos,-0.8419510355403498,num col,2,genotype,
agent id,3,time step, 1470.3,fitness,0,xpos,0.774092728636522,ypos,0.7481068749847389,num col,0,genotype,
agent id,4,time step, 1470.3600000000001,fitness,0,xpos,-0.5777387668337806,ypos,0.009421784654010437,num col,1,genotype,
agent id,0,time step, 1500.48,fitness,0,xpos,0.4778675308881028,ypos,0.8337934189807216,num col,1,genotype,
agent id,1,time step, 1500.54,fitness,0,xpos,0.6680595282024516,ypos,-1.0417060947619232,num col,2,genotype,
agent id,2,time step, 1500.6000000000001,fitness,0,xpos,-0.7274653157163622,ypos,-1.0417048202355392,num col,2,genotype,
agent id,3,time step, 1500.66,fitness,0,xpos,0.9317007460180908,ypos,0.9016297374992344,num col,0,genotype,
agent id,4,time step, 1500.72,fitness,0,xpos,-1.0084588053735228,ypos,0.15700710719469604,num col,1,genotype,
agent id,0,time step, 1530.9,fitness,0,xpos,0.6864752607909275,ypos,0.9017134747413226,num col,1,genotype,
agent id,1,time step, 1530.96,fitness,0,xpos,0.9036610200525029,ypos,-1.0417048322776914,num col,2,genotype,
agent id,2,time step, 1531.02,fitness,0,xpos,-0.9667668544813698,ypos,-1.0417036488810447,num col,2,genotype,
agent id,3,time step, 1531.08,fitness,0,xpos,0.9317031192874511,ypos,0.9016307068652796,num col,0,genotype,
agent id,4,time step, 1531.14,fitness,0,xpos,-1.011537903332,ypos,0.2981803016746216,num col,1,genotype,
agent id,0,time step, 1561.28,fitness,0,xpos,0.8746646751608318,ypos,0.9016522224648942,num col,1,genotype,
agent id,1,time step, 1561.3400000000001,fitness,0,xpos,0.9316239860174165,ypos,-1.0417034171444362,num col,2,genotype,
agent id,2,time step, 1561.4,fitness,0,xpos,-1.0116255258025648,ypos,-1.0417019970742512,num col,2,genotype,
agent id,3,time step, 1561.46,fitness,0,xpos,0.9317118414799694,ypos,0.9016531542559922,num col,0,genotype,
agent id,4,time step, 1561.52,fitness,0,xpos,-1.0115382953725367,ypos,0.42563060437059735,num col,1,genotype,
agent id,0,time step, 1591.7,fitness,0,xpos,0.874664930254147,ypos,0.9016537726870233,num col,1,genotype,
agent id,1,time step, 1591.76,fitness,0,xpos,0.9316242554105643,ypos,-1.0417056602206867,num col,2,genotype,
agent id,2,time step, 1591.82,fitness,0,xpos,-1.0116265185906843,ypos,-1.0417041149951436,num col,2,genotype,
agent id,3,time step, 1591.88,fitness,0,xpos,0.9317125278420108,ypos,0.9016537733429765,num col,0,genotype,
agent id,4,time step, 1591.94,fitness,0,xpos,-1.0115380997767702,ypos,0.5370169702773072,num col,1,genotype,
agent id,0,time step, 1622.08,fitness,0,xpos,0.8746655714641637,ypos,0.9016541927831395,num col,1,genotype,
agent id,1,time step, 1622.14,fitness,0,xpos,0.9316240633280573,ypos,-1.04170687400632,num col,2,genotype,
agent id,2,time step, 1622.2,fitness,0,xpos,-1.0116259182075014,ypos,-1.041705643511398,num col,2,genotype,
agent id,3,time step, 1622.26,fitness,0,xpos,0.9317143373916507,ypos,0.9016562182263591,num col,0,genotype,
agent id,4,time step, 1622.32,fitness,0,xpos,-1.0115377779377952,ypos,0.6272934077147263,num col,1,genotype,
agent id,0,time step, 1652.5,fitness,0,xpos,0.8746644866653512,ypos,0.9016528555967557,num col,1,genotype,
agent id,1,time step, 1652.56,fitness,0,xpos,0.9316222913234624,ypos,-1.0417047928083727,num col,2,genotype,
agent id,2,time step, 1652.6200000000001,fitness,0,xpos,-1.011623870940607,ypos,-1.0417033593209215,num col,2,genotype,
agent id,3,time step, 1652.68,fitness,0,xpos,0.9317114950956283,ypos,0.9016540684267627,num col,0,genotype,
agent id,4,time step, 1652.74,fitness,0,xpos,-1.0115381470282767,ypos,0.6821271352115347,num col,1,genotype,
agent id,0,time step, 1682.88,fitness,0,xpos,0.8746645246913274,ypos,0.9016545341089545,num col,1,genotype,
agent id,1,time step, 1682.94,fitness,0,xpos,0.9316223690081542,ypos,-1.0417067563203641,num col,2,genotype,
agent id,2,time step, 1683.0,fitness,0,xpos,-1.0116247002702465,ypos,-1.0417051479108914,num col,2,genotype,
agent id,3,time step, 1683.06,fitness,0,xpos,0.931712012940568,ypos,0.9016540025461517,num col,0,genotype,
agent id,4,time step, 1683.1200000000001,fitness,0,xpos,-1.0115381421100351,ypos,0.6827933575797868,num col,1,genotype,
agent id,0,time step, 1716.42,fitness,0,xpos,0.5511175009926617,ypos,0.24992085293002642,num col,1,genotype,
agent id,1,time step, 1716.48,fitness,0,xpos,0.22377504150512084,ypos,-0.5273975806086938,num col,2,genotype,
agent id,2,time step, 1716.54,fitness,0,xpos,-0.27928746085956874,ypos,-0.46505762122491917,num col,2,genotype,
agent id,3,time step, 1716.6000000000001,fitness,0,xpos,0.38836405061888607,ypos,0.532367525975519,num col,0,genotype,
agent id,4,time step, 1716.74,fitness,0,xpos,-0.34342980650752186,ypos,0.031256888004999976,num col,1,genotype,
agent id,0,time step, 1746.92,fitness,0,xpos,0.9004909416616217,ypos,0.5451077724014531,num col,1,genotype,
agent id,1,time step, 1746.98,fitness,0,xpos,0.4592703538780437,ypos,-0.9194538824653192,num col,3,genotype,
agent id,2,time step, 1747.04,fitness,0,xpos,-0.5195161664424325,ypos,-0.8542748859534117,num col,2,genotype,
agent id,3,time step, 1747.1000000000001,fitness,0,xpos,0.7589245640549068,ypos,0.800452056162638,num col,0,genotype,
agent id,4,time step, 1747.16,fitness,0,xpos,-0.7996415134570101,ypos,0.03561878055242194,num col,1,genotype,
agent id,0,time step, 1777.3,fitness,0,xpos,0.9316776877356128,ypos,0.840331009512986,num col,1,genotype,
agent id,1,time step, 1777.3600000000001,fitness,0,xpos,0.6952773331523795,ypos,-1.0417019538744565,num col,3,genotype,
agent id,2,time step, 1777.42,fitness,0,xpos,-0.7597142761836615,ypos,-1.041700628155058,num col,2,genotype,
agent id,3,time step, 1777.48,fitness,0,xpos,0.9316647960513451,ypos,0.901667037100821,num col,0,genotype,
agent id,4,time step, 1777.54,fitness,0,xpos,-1.0115381916257187,ypos,0.037403320714048754,num col,1,genotype,
agent id,0,time step, 1807.72,fitness,0,xpos,0.9316496367440961,ypos,0.844667738671935,num col,1,genotype,
agent id,1,time step, 1807.78,fitness,0,xpos,0.9316277018429403,ypos,-1.0417047439295937,num col,3,genotype,
agent id,2,time step, 1807.8400000000001,fitness,0,xpos,-1.0042420428466095,ypos,-1.0417020651832631,num col,2,genotype,
agent id,3,time step, 1807.9,fitness,0,xpos,0.9316551830497293,ypos,0.9017145028927163,num col,0,genotype,
agent id,4,time step, 1807.96,fitness,0,xpos,-1.0115376621839611,ypos,0.03740622539566886,num col,1,genotype,
agent id,0,time step, 1838.1000000000001,fitness,0,xpos,0.9316487586079655,ypos,0.8446672009272039,num col,1,genotype,
agent id,1,time step, 1838.16,fitness,0,xpos,0.9316265532274506,ypos,-1.0417039220117594,num col,3,genotype,
agent id,2,time step, 1838.22,fitness,0,xpos,-1.0116284990923503,ypos,-1.0417023322159118,num col,2,genotype,
agent id,3,time step, 1838.28,fitness,0,xpos,0.9316549560738944,ypos,0.901714018012311,num col,0,genotype,
agent id,4,time step, 1838.3400000000001,fitness,0,xpos,-1.0115379359579055,ypos,0.037402804347100124,num col,1,genotype,
agent id,0,time step, 1868.52,fitness,0,xpos,0.9316479426905232,ypos,0.8446667750195549,num col,1,genotype,
agent id,1,time step, 1868.58,fitness,0,xpos,0.9316249396368631,ypos,-1.0417022010644172,num col,3,genotype,
agent id,2,time step, 1868.64,fitness,0,xpos,-1.0116275144420344,ypos,-1.0417003595687504,num col,2,genotype,
agent id,3,time step, 1868.7,fitness,0,xpos,0.9316526293396338,ypos,0.9017106423768261,num col,0,genotype,
agent id,4,time step, 1868.76,fitness,0,xpos,-1.0115381896898974,ypos,0.03740424711414281,num col,1,genotype,
agent id,0,time step, 1898.9,fitness,0,xpos,0.9316506150921764,ypos,0.8446668804695713,num col,1,genotype,
agent id,1,time step, 1898.96,fitness,0,xpos,0.931625926378648,ypos,-1.0417057674334458,num col,3,genotype,
agent id,2,time step, 1899.02,fitness,0,xpos,-1.0116284760615883,ypos,-1.041703883374673,num col,2,genotype,
agent id,3,time step, 1899.08,fitness,0,xpos,0.9316552698906063,ypos,0.9017138950899245,num col,0,genotype,
agent id,4,time step, 1899.14,fitness,0,xpos,-1.011537661497875,ypos,0.0374076938936208,num col,1,genotype,
agent id,0,time step, 1929.32,fitness,0,xpos,0.9316502009733174,ypos,0.8446662822591482,num col,1,genotype,
agent id,1,time step, 1929.38,fitness,0,xpos,0.931625077675798,ypos,-1.0417055799209094,num col,3,genotype,
agent id,2,time step, 1929.44,fitness,0,xpos,-1.0116271331497646,ypos,-1.0417039163065527,num col,2,genotype,
agent id,3,time step, 1929.5,fitness,0,xpos,0.9316555862506981,ypos,0.901714206865704,num col,0,genotype,
agent id,4,time step, 1929.56,fitness,0,xpos,-1.0115378297771325,ypos,0.037404573398351126,num col,1,genotype,
agent id,0,time step, 1959.7,fitness,0,xpos,0.9316488963357724,ypos,0.8446667636139797,num col,1,genotype,
agent id,1,time step, 1959.76,fitness,0,xpos,0.9316232367169657,ypos,-1.0417033940545235,num col,3,genotype,
agent id,2,time step, 1959.82,fitness,0,xpos,-1.0116258892392647,ypos,-1.041701507070254,num col,2,genotype,
agent id,3,time step, 1959.88,fitness,0,xpos,0.9316528904079691,ypos,0.9017103915465475,num col,0,genotype,
agent id,4,time step, 1959.94,fitness,0,xpos,-1.0115381885111663,ypos,0.03740533154274776,num col,1,genotype,
agent id,0,time step, 1994.54,fitness,0,xpos,0.49193915040017333,ypos,0.3341023452455324,num col,1,genotype,
agent id,1,time step, 1994.6000000000001,fitness,0,xpos,0.23846330920573505,ypos,-0.541320782528652,num col,3,genotype,
agent id,2,time step, 1994.66,fitness,0,xpos,-0.29536599339172087,ypos,-0.4779899404221054,num col,2,genotype,
agent id,3,time step, 1994.72,fitness,0,xpos,0.3359107486150404,ypos,0.6141111273044612,num col,0,genotype,
agent id,4,time step, 1994.78,fitness,0,xpos,-0.3444105820884167,ypos,0.01981258749950404,num col,1,genotype,
agent id,0,time step, 2024.94,fitness,0,xpos,0.7764099584801729,ypos,0.6904283369326919,num col,1,genotype,
agent id,1,time step, 2025.0,fitness,0,xpos,0.47738286040349065,ypos,-0.9296650046583161,num col,3,genotype,
agent id,2,time step, 2025.06,fitness,0,xpos,-0.5398169186906717,ypos,-0.8628751393056947,num col,3,genotype,
agent id,3,time step, 2025.1200000000001,fitness,0,xpos,0.6440763932546816,ypos,0.9016731157655755,num col,0,genotype,
agent id,4,time step, 2025.18,fitness,0,xpos,-0.8003626447230602,ypos,0.019791568362822823,num col,1,genotype,
agent id,0,time step, 2055.28,fitness,0,xpos,0.93171530301814,ypos,0.901656042395814,num col,1,genotype,
agent id,1,time step, 2055.34,fitness,0,xpos,0.717178974150855,ypos,-1.0417051437481923,num col,3,genotype,
agent id,2,time step, 2055.4,fitness,0,xpos,-0.7846431232027129,ypos,-1.0417035329104067,num col,3,genotype,
agent id,3,time step, 2055.46,fitness,0,xpos,0.8746652320706199,ypos,0.9016552096329962,num col,0,genotype,
agent id,4,time step, 2055.52,fitness,0,xpos,-1.0115376964755385,ypos,0.01979327727480043,num col,1,genotype,
agent id,0,time step, 2085.7,fitness,0,xpos,0.9317104484072062,ypos,0.9016521506784257,num col,1,genotype,
agent id,1,time step, 2085.76,fitness,0,xpos,0.9316275501836917,ypos,-1.0416990172415181,num col,3,genotype,
agent id,2,time step, 2085.82,fitness,0,xpos,-1.0116298813274847,ypos,-1.0416973986066729,num col,3,genotype,
agent id,3,time step, 2085.88,fitness,0,xpos,0.8746643645665086,ypos,0.9016508605737482,num col,0,genotype,
agent id,4,time step, 2085.94,fitness,0,xpos,-1.0115376567588819,ypos,0.019791746220663667,num col,1,genotype,
agent id,0,time step, 2116.08,fitness,0,xpos,0.9317132024669823,ypos,0.9016541812551448,num col,1,genotype,
agent id,1,time step, 2116.14,fitness,0,xpos,0.9316282018376615,ypos,-1.041701659147104,num col,3,genotype,
agent id,2,time step, 2116.2,fitness,0,xpos,-1.0116308461126315,ypos,-1.0416995100253172,num col,3,genotype,
agent id,3,time step, 2116.26,fitness,0,xpos,0.8746649876417744,ypos,0.9016519456364022,num col,0,genotype,
agent id,4,time step, 2116.32,fitness,0,xpos,-1.0115381566280315,ypos,0.019796166741345246,num col,1,genotype,
agent id,0,time step, 2146.5,fitness,0,xpos,0.9317154995734722,ypos,0.9016564773697525,num col,1,genotype,
agent id,1,time step, 2146.56,fitness,0,xpos,0.9316295454999309,ypos,-1.0417056288870232,num col,3,genotype,
agent id,2,time step, 2146.62,fitness,0,xpos,-1.0116317335640785,ypos,-1.041703878660562,num col,3,genotype,
agent id,3,time step, 2146.68,fitness,0,xpos,0.8746648018172375,ypos,0.9016564391305532,num col,0,genotype,
agent id,4,time step, 2146.7400000000002,fitness,0,xpos,-1.011537690502502,ypos,0.019795216252811363,num col,1,genotype,
agent id,0,time step, 2176.88,fitness,0,xpos,0.9317103056523172,ypos,0.9016526312753642,num col,1,genotype,
agent id,1,time step, 2176.94,fitness,0,xpos,0.9316261841922762,ypos,-1.041700464913123,num col,3,genotype,
agent id,2,time step, 2177.0,fitness,0,xpos,-1.0116285943663097,ypos,-1.0416988093953663,num col,3,genotype,
agent id,3,time step, 2177.06,fitness,0,xpos,0.8746643775514679,ypos,0.9016520383370072,num col,0,genotype,
agent id,4,time step, 2177.12,fitness,0,xpos,-1.0115376568958536,ypos,0.01979305785536778,num col,1,genotype,
agent id,0,time step, 2207.3,fitness,0,xpos,0.9317120496109551,ypos,0.9016542300022384,num col,1,genotype,
agent id,1,time step, 2207.36,fitness,0,xpos,0.9316262816904547,ypos,-1.0417021326150835,num col,3,genotype,
agent id,2,time step, 2207.42,fitness,0,xpos,-1.011629072828793,ypos,-1.0416999281373354,num col,3,genotype,
agent id,3,time step, 2207.4900000000002,fitness,0,xpos,0.8746649270848821,ypos,0.9016521374580082,num col,0,genotype,
agent id,4,time step, 2207.55,fitness,0,xpos,-1.0115381517255084,ypos,0.019797223887046446,num col,1,genotype,
agent id,0,time step, 2237.69,fitness,0,xpos,0.93171528758197,ypos,0.9016572201801857,num col,1,genotype,
agent id,1,time step, 2237.75,fitness,0,xpos,0.9316279762656289,ypos,-1.0417069712074085,num col,3,genotype,
agent id,2,time step, 2237.81,fitness,0,xpos,-1.0116303280896288,ypos,-1.041705091693094,num col,3,genotype,
agent id,3,time step, 2237.87,fitness,0,xpos,0.8746645741441231,ypos,0.9016572374153403,num col,0,genotype,
agent id,4,time step, 2237.93,fitness,0,xpos,-1.0115376850365485,ypos,0.01979700437497069,num col,1,genotype,
agent id,0,time step, 2269.71,fitness,0,xpos,0.5324458588918695,ypos,0.23659312514171935,num col,1,genotype,
agent id,1,time step, 2269.77,fitness,0,xpos,0.22174047944583813,ypos,-0.5019672696859923,num col,4,genotype,
agent id,2,time step, 2269.83,fitness,0,xpos,-0.27832431597169577,ypos,-0.4386204956204726,num col,3,genotype,
agent id,3,time step, 2269.89,fitness,0,xpos,0.3257518749898497,ypos,0.5706537818694282,num col,1,genotype,
agent id,4,time step, 2269.9500000000003,fitness,0,xpos,-0.3021244103063064,ypos,0.020108322051615585,num col,1,genotype,
agent id,0,time step, 2300.13,fitness,0,xpos,0.8799362779117995,ypos,0.5321313367097499,num col,1,genotype,
agent id,1,time step, 2300.19,fitness,0,xpos,0.46584311285809565,ypos,-0.8873384712869729,num col,4,genotype,
agent id,2,time step, 2300.25,fitness,0,xpos,-0.5281944013004382,ypos,-0.8202775614906819,num col,3,genotype,
agent id,3,time step, 2300.31,fitness,0,xpos,0.64891287037725,ypos,0.8926057353483541,num col,1,genotype,
agent id,4,time step, 2300.37,fitness,0,xpos,-0.7583535115182738,ypos,0.020139153305069702,num col,1,genotype,
agent id,0,time step, 2330.53,fitness,0,xpos,0.9316775786041398,ypos,0.8285245093272486,num col,1,genotype,
agent id,1,time step, 2330.59,fitness,0,xpos,0.7108551722404937,ypos,-1.041698675895334,num col,4,genotype,
agent id,2,time step, 2330.65,fitness,0,xpos,-0.7785640693415669,ypos,-1.0416968745612378,num col,4,genotype,
agent id,3,time step, 2330.71,fitness,0,xpos,0.9316659431603093,ypos,0.901665495757896,num col,1,genotype,
agent id,4,time step, 2330.77,fitness,0,xpos,-1.0115381820164158,ypos,0.020136064525068324,num col,1,genotype,
agent id,0,time step, 2360.91,fitness,0,xpos,0.9316576076871068,ypos,0.8446644022665122,num col,1,genotype,
agent id,1,time step, 2360.9700000000003,fitness,0,xpos,0.9316311022919653,ypos,-1.0417012641305865,num col,4,genotype,
agent id,2,time step, 2361.03,fitness,0,xpos,-1.0116340721453392,ypos,-1.0416990172289988,num col,4,genotype,
agent id,3,time step, 2361.09,fitness,0,xpos,0.9316548222135292,ypos,0.901711453735921,num col,1,genotype,
agent id,4,time step, 2361.15,fitness,0,xpos,-1.011537695092255,ypos,0.020140221369797824,num col,1,genotype,
agent id,0,time step, 2391.33,fitness,0,xpos,0.9316577422603566,ypos,0.8446628679885834,num col,1,genotype,
agent id,1,time step, 2391.39,fitness,0,xpos,0.9316308054810364,ypos,-1.0417019279578545,num col,4,genotype,
agent id,2,time step, 2391.4500000000003,fitness,0,xpos,-1.0116331966479,ypos,-1.0416999553274087,num col,4,genotype,
agent id,3,time step, 2391.51,fitness,0,xpos,0.9316562035916665,ypos,0.9017133235153296,num col,1,genotype,
agent id,4,time step, 2391.57,fitness,0,xpos,-1.0115376577394868,ypos,0.02013785331066195,num col,1,genotype,
agent id,0,time step, 2421.71,fitness,0,xpos,0.9316556105848282,ypos,0.8446639013090753,num col,1,genotype,
agent id,1,time step, 2421.77,fitness,0,xpos,0.9316286876447615,ypos,-1.0416992342075433,num col,4,genotype,
agent id,2,time step, 2421.83,fitness,0,xpos,-1.0116315249855066,ypos,-1.041697060163824,num col,4,genotype,
agent id,3,time step, 2421.89,fitness,0,xpos,0.9316532298640087,ypos,0.901709005592716,num col,1,genotype,
agent id,4,time step, 2421.9500000000003,fitness,0,xpos,-1.01153818141886,ypos,0.02013720534414346,num col,1,genotype,
agent id,0,time step, 2452.13,fitness,0,xpos,0.9316576403823932,ypos,0.8446641563834022,num col,1,genotype,
agent id,1,time step, 2452.19,fitness,0,xpos,0.9316294295283709,ypos,-1.041701993800094,num col,4,genotype,
agent id,2,time step, 2452.25,fitness,0,xpos,-1.0116325909519164,ypos,-1.04169963885663,num col,4,genotype,
agent id,3,time step, 2452.31,fitness,0,xpos,0.9316544368559815,ypos,0.9017106912604783,num col,1,genotype,
agent id,4,time step, 2452.37,fitness,0,xpos,-1.011537775519379,ypos,0.020141463534807256,num col,1,genotype,
agent id,0,time step, 2482.51,fitness,0,xpos,0.9316580281333898,ypos,0.8446623287461511,num col,1,genotype,
agent id,1,time step, 2482.57,fitness,0,xpos,0.931629420774837,ypos,-1.0417032756645122,num col,4,genotype,
agent id,2,time step, 2482.63,fitness,0,xpos,-1.0116319794493696,ypos,-1.0417011985422415,num col,4,genotype,
agent id,3,time step, 2482.69,fitness,0,xpos,0.9316563605872961,ypos,0.90171346829413,num col,1,genotype,
agent id,4,time step, 2482.75,fitness,0,xpos,-1.0115376584618068,ypos,0.020139555306762157,num col,1,genotype,
agent id,0,time step, 2512.93,fitness,0,xpos,0.9316557365315927,ypos,0.8446640441169051,num col,1,genotype,
agent id,1,time step, 2512.9900000000002,fitness,0,xpos,0.9316272588064844,ypos,-1.0417004799659126,num col,4,genotype,
agent id,2,time step, 2513.05,fitness,0,xpos,-1.011630157635408,ypos,-1.0416982563792454,num col,4,genotype,
agent id,3,time step, 2513.11,fitness,0,xpos,0.931653479484172,ypos,0.901709226058303,num col,1,genotype,
agent id,4,time step, 2513.17,fitness,0,xpos,-1.011538181266319,ypos,0.02013828581226763,num col,1,genotype,
agent id,0,time step, 2546.23,fitness,0,xpos,0.49499580173494034,ypos,0.30297697656810574,num col,1,genotype,
agent id,1,time step, 2546.29,fitness,0,xpos,0.23631892749395123,ypos,-0.515393581900861,num col,5,genotype,
agent id,2,time step, 2546.35,fitness,0,xpos,-0.2941656391900144,ypos,-0.45106633002386254,num col,4,genotype,
agent id,3,time step, 2546.41,fitness,0,xpos,0.33454679429967527,ypos,0.5823641992387127,num col,1,genotype,
agent id,4,time step, 2546.4700000000003,fitness,0,xpos,-0.32133154508432565,ypos,0.0199097990622257,num col,1,genotype,
agent id,0,time step, 2576.59,fitness,0,xpos,0.79413612845409,ypos,0.6461426963264052,num col,1,genotype,
agent id,1,time step, 2576.65,fitness,0,xpos,0.48386267693487306,ypos,-0.8974641898565555,num col,5,genotype,
agent id,2,time step, 2576.71,fitness,0,xpos,-0.5484781112673014,ypos,-0.828664690929049,num col,4,genotype,
agent id,3,time step, 2576.77,fitness,0,xpos,0.6550726029650132,ypos,0.901669334188465,num col,1,genotype,
agent id,4,time step, 2576.83,fitness,0,xpos,-0.7766381347098058,ypos,0.019882650101588697,num col,1,genotype,
agent id,0,time step, 2607.01,fitness,0,xpos,0.9317066429923163,ypos,0.9016489782969128,num col,1,genotype,
agent id,1,time step, 2607.07,fitness,0,xpos,0.732973592822563,ypos,-1.04169589591759,num col,5,genotype,
agent id,2,time step, 2607.13,fitness,0,xpos,-0.8039848986368096,ypos,-1.0416936301672362,num col,5,genotype,
agent id,3,time step, 2607.19,fitness,0,xpos,0.8746962674811743,ypos,0.9016202290326865,num col,1,genotype,
agent id,4,time step, 2607.25,fitness,0,xpos,-1.011744308217029,ypos,0.027929973941590747,num col,1,genotype,
agent id,0,time step, 2637.39,fitness,0,xpos,0.9317113292573809,ypos,0.9016526447963369,num col,1,genotype,
agent id,1,time step, 2637.4500000000003,fitness,0,xpos,0.9316335964427919,ypos,-1.0417006566680105,num col,5,genotype,
agent id,2,time step, 2637.51,fitness,0,xpos,-1.0116366103802736,ypos,-1.041698158427642,num col,5,genotype,
agent id,3,time step, 2637.57,fitness,0,xpos,0.8747014631046639,ypos,0.9016235961041551,num col,1,genotype,
agent id,4,time step, 2637.63,fitness,0,xpos,-1.0117471440027723,ypos,0.06363685341872607,num col,1,genotype,
agent id,0,time step, 2667.81,fitness,0,xpos,0.9317137799169398,ypos,0.9016524801954902,num col,1,genotype,
agent id,1,time step, 2667.87,fitness,0,xpos,0.9316331056621635,ypos,-1.0417008930339435,num col,5,genotype,
agent id,2,time step, 2667.93,fitness,0,xpos,-1.0116356932356163,ypos,-1.04169896233518,num col,5,genotype,
agent id,3,time step, 2667.9900000000002,fitness,0,xpos,0.874758988947872,ypos,0.9016245351051486,num col,1,genotype,
agent id,4,time step, 2668.05,fitness,0,xpos,-1.0117447964287951,ypos,0.11492423563978536,num col,1,genotype,
agent id,0,time step, 2698.19,fitness,0,xpos,0.9317093603764962,ypos,0.901648944393289,num col,1,genotype,
agent id,1,time step, 2698.25,fitness,0,xpos,0.9316299470293479,ypos,-1.0416962979835869,num col,5,genotype,
agent id,2,time step, 2698.31,fitness,0,xpos,-1.0116328422448053,ypos,-1.041694017060213,num col,5,genotype,
agent id,3,time step, 2698.37,fitness,0,xpos,0.8748139158880167,ypos,0.9016205309082926,num col,1,genotype,
agent id,4,time step, 2698.43,fitness,0,xpos,-1.0117416519549702,ypos,0.17779189063507855,num col,1,genotype,
agent id,0,time step, 2728.61,fitness,0,xpos,0.9317138754236256,ypos,0.9016521259467121,num col,1,genotype,
agent id,1,time step, 2728.67,fitness,0,xpos,0.9316318764362709,ypos,-1.0417010839328928,num col,5,genotype,
agent id,2,time step, 2728.73,fitness,0,xpos,-1.0116350747269371,ypos,-1.041698449350331,num col,5,genotype,
agent id,3,time step, 2728.79,fitness,0,xpos,0.8748146132967611,ypos,0.9016232878189369,num col,1,genotype,
agent id,4,time step, 2728.85,fitness,0,xpos,-1.0117441341371871,ypos,0.25049601736887483,num col,1,genotype,
agent id,0,time step, 2759.01,fitness,0,xpos,0.9317148308696849,ypos,0.9016528294136937,num col,1,genotype,
agent id,1,time step, 2759.07,fitness,0,xpos,0.9316319713488119,ypos,-1.0417024588661254,num col,5,genotype,
agent id,2,time step, 2759.13,fitness,0,xpos,-1.011634738462438,ypos,-1.0417003928816402,num col,5,genotype,
agent id,3,time step, 2759.19,fitness,0,xpos,0.8747274398534375,ypos,0.9016248482452756,num col,1,genotype,
agent id,4,time step, 2759.25,fitness,0,xpos,-1.0117423710070255,ypos,0.3316815519716727,num col,1,genotype,
agent id,0,time step, 2789.41,fitness,0,xpos,0.9317104502029261,ypos,0.9016489291752565,num col,1,genotype,
agent id,1,time step, 2789.4700000000003,fitness,0,xpos,0.9316286323016492,ypos,-1.0416974694246266,num col,5,genotype,
agent id,2,time step, 2789.53,fitness,0,xpos,-1.0116316170966528,ypos,-1.0416951701164259,num col,5,genotype,
agent id,3,time step, 2789.59,fitness,0,xpos,0.8747249802346986,ypos,0.9016206324264866,num col,1,genotype,
agent id,4,time step, 2789.65,fitness,0,xpos,-1.0117389620565194,ypos,0.4205403098081612,num col,1,genotype,
agent id,0,time step, 2824.4500000000003,fitness,0,xpos,0.5016736833978086,ypos,0.09517817363650036,num col,2,genotype,
agent id,1,time step, 2824.51,fitness,0,xpos,0.2479708311118441,ypos,-0.5389754271234739,num col,5,genotype,
agent id,2,time step, 2824.57,fitness,0,xpos,-0.22032546231912475,ypos,-0.512456236172126,num col,5,genotype,
agent id,3,time step, 2824.63,fitness,0,xpos,0.4081905294357261,ypos,0.5438194444402314,num col,1,genotype,
agent id,4,time step, 2824.69,fitness,0,xpos,0.37526854368666873,ypos,0.23099501951009366,num col,1,genotype,
agent id,0,time step, 2854.83,fitness,0,xpos,0.9063100376261781,ypos,-0.11439042995604042,num col,2,genotype,
agent id,1,time step, 2854.89,fitness,0,xpos,0.4938037385864631,ypos,-0.9226533766409438,num col,5,genotype,
agent id,2,time step, 2854.9500000000003,fitness,0,xpos,-0.3971124593647382,ypos,-0.9324474457695322,num col,5,genotype,
agent id,3,time step, 2855.01,fitness,0,xpos,0.7749970251498504,ypos,0.8141891849789884,num col,1,genotype,
agent id,4,time step, 2855.07,fitness,0,xpos,0.5277067297975276,ypos,0.660400421946813,num col,1,genotype,
agent id,0,time step, 2885.25,fitness,0,xpos,0.9317163415269394,ypos,-0.3272549880160346,num col,2,genotype,
agent id,1,time step, 2885.31,fitness,0,xpos,0.7411644036302073,ypos,-1.0417042420685476,num col,5,genotype,
agent id,2,time step, 2885.37,fitness,0,xpos,-0.5770574442171088,ypos,-1.0417253249835172,num col,5,genotype,
agent id,3,time step, 2885.43,fitness,0,xpos,0.931696019382347,ypos,0.9016447048424254,num col,1,genotype,
agent id,4,time step, 2885.4900000000002,fitness,0,xpos,0.6770137581099238,ypos,0.9015381894330211,num col,1,genotype,
agent id,0,time step, 2915.63,fitness,0,xpos,0.9317077343282273,ypos,-0.5459588436956527,num col,2,genotype,
agent id,1,time step, 2915.69,fitness,0,xpos,0.9316309057177686,ypos,-1.0416984555811721,num col,5,genotype,
agent id,2,time step, 2915.75,fitness,0,xpos,-0.7651020144815425,ypos,-1.0417175876649616,num col,5,genotype,
agent id,3,time step, 2915.81,fitness,0,xpos,0.9316919210995415,ypos,0.901641030672662,num col,1,genotype,
agent id,4,time step, 2915.87,fitness,0,xpos,0.8130892579722154,ypos,0.9015379152070766,num col,1,genotype,
agent id,0,time step, 2946.05,fitness,0,xpos,0.9317036543691892,ypos,-0.7708156187623424,num col,2,genotype,
agent id,1,time step, 2946.11,fitness,0,xpos,0.9316290951235655,ypos,-1.041696413885322,num col,5,genotype,
agent id,2,time step, 2946.18,fitness,0,xpos,-0.9614356201374832,ypos,-1.0417115052257386,num col,5,genotype,
agent id,3,time step, 2946.2400000000002,fitness,0,xpos,0.9316964502754104,ypos,0.9016264430881235,num col,1,genotype,
agent id,4,time step, 2946.3,fitness,0,xpos,0.868252906082803,ypos,0.9015380917941948,num col,1,genotype,
agent id,0,time step, 2976.44,fitness,0,xpos,0.9316472635318587,ypos,-0.9848835224800236,num col,2,genotype,
agent id,1,time step, 2976.5,fitness,0,xpos,0.931644601006614,ypos,-1.0416897355386772,num col,5,genotype,
agent id,2,time step, 2976.56,fitness,0,xpos,-1.0116197972118994,ypos,-1.0417142604179483,num col,5,genotype,
agent id,3,time step, 2976.62,fitness,0,xpos,0.931706034688252,ypos,0.9016313525434386,num col,1,genotype,
agent id,4,time step, 2976.68,fitness,0,xpos,0.8682556977453108,ypos,0.9015381722749484,num col,1,genotype,
agent id,0,time step, 3006.86,fitness,0,xpos,0.9316517827026897,ypos,-0.9846644699427022,num col,2,genotype,
agent id,1,time step, 3006.92,fitness,0,xpos,0.9316542406574779,ypos,-1.0417127840501428,num col,5,genotype,
agent id,2,time step, 3006.98,fitness,0,xpos,-1.0116172590649672,ypos,-1.0417104549934073,num col,5,genotype,
agent id,3,time step, 3007.04,fitness,0,xpos,0.9317035278790201,ypos,0.9016288431842706,num col,1,genotype,
agent id,4,time step, 3007.1,fitness,0,xpos,0.86825236016694,ypos,0.9015377344978133,num col,1,genotype,
agent id,0,time step, 3037.2400000000002,fitness,0,xpos,0.9316497495631316,ypos,-0.9846649997499762,num col,2,genotype,
agent id,1,time step, 3037.3,fitness,0,xpos,0.9316514427937499,ypos,-1.0417097079320023,num col,5,genotype,
agent id,2,time step, 3037.36,fitness,0,xpos,-1.0116154122922458,ypos,-1.0417051334560858,num col,5,genotype,
agent id,3,time step, 3037.42,fitness,0,xpos,0.9316975115979466,ypos,0.9016245831162726,num col,1,genotype,
agent id,4,time step, 3037.48,fitness,0,xpos,0.8682538682129489,ypos,0.901538095711629,num col,1,genotype,
agent id,0,time step, 3067.66,fitness,0,xpos,0.9316556488041964,ypos,-0.9846653617146588,num col,2,genotype,
agent id,1,time step, 3067.7200000000003,fitness,0,xpos,0.9316568681210416,ypos,-1.0417163173295771,num col,5,genotype,
agent id,2,time step, 3067.78,fitness,0,xpos,-1.0116192989371946,ypos,-1.0417138118947076,num col,5,genotype,
agent id,3,time step, 3067.84,fitness,0,xpos,0.9317065746148661,ypos,0.9016290001816867,num col,1,genotype,
agent id,4,time step, 3067.9,fitness,0,xpos,0.8682573450381005,ypos,0.9015382060961841,num col,1,genotype,
agent id,0,time step, 3100.28,fitness,0,xpos,0.5000448492357868,ypos,-0.4150375388139134,num col,2,genotype,
agent id,1,time step, 3100.34,fitness,0,xpos,0.2032649370517929,ypos,-0.5225261619793556,num col,5,genotype,
agent id,2,time step, 3100.4,fitness,0,xpos,-0.1365622619615191,ypos,-0.4968362269402024,num col,5,genotype,
agent id,3,time step, 3100.46,fitness,0,xpos,0.39918567697728313,ypos,0.4992756682495605,num col,1,genotype,
agent id,4,time step, 3100.52,fitness,0,xpos,0.2099022806639873,ypos,0.5149383963443719,num col,1,genotype,
agent id,0,time step, 3130.71,fitness,0,xpos,0.8177304351246585,ypos,-0.7427091551236613,num col,2,genotype,
agent id,1,time step, 3130.77,fitness,0,xpos,0.4227856429377929,ypos,-0.9226612474120284,num col,5,genotype,
agent id,2,time step, 3130.83,fitness,0,xpos,-0.24966765414264452,ypos,-0.9390068101857222,num col,5,genotype,
agent id,3,time step, 3130.89,fitness,0,xpos,0.7841569845959375,ypos,0.7444494246316156,num col,1,genotype,
agent id,4,time step, 3130.9500000000003,fitness,0,xpos,0.24009365514413025,ypos,0.9015381770465746,num col,1,genotype,
agent id,0,time step, 3161.09,fitness,0,xpos,0.931666912820432,ypos,-1.0416720504700718,num col,2,genotype,
agent id,1,time step, 3161.15,fitness,0,xpos,0.6436101359075103,ypos,-1.0417114108566943,num col,5,genotype,
agent id,2,time step, 3161.21,fitness,0,xpos,-0.3689331123032441,ypos,-1.0417360818555765,num col,5,genotype,
agent id,3,time step, 3161.27,fitness,0,xpos,0.9317056323588405,ypos,0.9016305578439096,num col,1,genotype,
agent id,4,time step, 3161.33,fitness,0,xpos,0.24047695764422108,ypos,0.901537713598435,num col,1,genotype,
agent id,0,time step, 3191.51,fitness,0,xpos,0.9316623037058827,ypos,-1.0416673370103462,num col,2,genotype,
agent id,1,time step, 3191.57,fitness,0,xpos,0.8699572824935936,ypos,-1.0417034802007137,num col,5,genotype,
agent id,2,time step, 3191.63,fitness,0,xpos,-0.5050058601533123,ypos,-1.0417257904740687,num col,5,genotype,
agent id,3,time step, 3191.69,fitness,0,xpos,0.9316988320664323,ypos,0.9016257109803798,num col,1,genotype,
agent id,4,time step, 3191.75,fitness,0,xpos,0.2404760911522951,ypos,0.9015378332718185,num col,1,genotype,
agent id,0,time step, 3221.89,fitness,0,xpos,0.9317140399144076,ypos,-1.0416547165678705,num col,2,genotype,
agent id,1,time step, 3221.9500000000003,fitness,0,xpos,0.8746692354412726,ypos,-1.0416457901972496,num col,5,genotype,
agent id,2,time step, 3222.01,fitness,0,xpos,-0.6547162731957754,ypos,-1.0417272759238982,num col,5,genotype,
agent id,3,time step, 3222.07,fitness,0,xpos,0.9317024439321495,ypos,0.9016273446211367,num col,1,genotype,
agent id,4,time step, 3222.13,fitness,0,xpos,0.240480608004428,ypos,0.9015381595371715,num col,1,genotype,
agent id,0,time step, 3252.31,fitness,0,xpos,0.931715528142326,ypos,-1.0416561743102066,num col,2,genotype,
agent id,1,time step, 3252.37,fitness,0,xpos,0.8746687146392272,ypos,-1.0416474909369628,num col,5,genotype,
agent id,2,time step, 3252.4300000000003,fitness,0,xpos,-0.8163141030367176,ypos,-1.0417284053062927,num col,5,genotype,
agent id,3,time step, 3252.4900000000002,fitness,0,xpos,0.9317073255515914,ypos,0.9016291841939361,num col,1,genotype,
agent id,4,time step, 3252.55,fitness,0,xpos,0.24047898886857264,ypos,0.9015377107235477,num col,1,genotype,
agent id,0,time step, 3282.69,fitness,0,xpos,0.9317100719635756,ypos,-1.041651808078337,num col,2,genotype,
agent id,1,time step, 3282.75,fitness,0,xpos,0.8746681637120785,ypos,-1.0416438773010424,num col,5,genotype,
agent id,2,time step, 3282.81,fitness,0,xpos,-0.9879696549779282,ypos,-1.0417187782945763,num col,5,genotype,
agent id,3,time step, 3282.87,fitness,0,xpos,0.9317004134453164,ypos,0.9016242760290748,num col,1,genotype,
agent id,4,time step, 3282.9300000000003,fitness,0,xpos,0.24047743053523274,ypos,0.9015376838585804,num col,1,genotype,
agent id,0,time step, 3313.11,fitness,0,xpos,0.9317130574701736,ypos,-1.0416543977770925,num col,2,genotype,
agent id,1,time step, 3313.17,fitness,0,xpos,0.8746687391340965,ypos,-1.041646171483058,num col,5,genotype,
agent id,2,time step, 3313.23,fitness,0,xpos,-1.0116177861169036,ypos,-1.0417093157268507,num col,5,genotype,
agent id,3,time step, 3313.29,fitness,0,xpos,0.9317027721558888,ypos,0.9016251069389761,num col,1,genotype,
agent id,4,time step, 3313.35,fitness,0,xpos,0.2404818585058149,ypos,0.9015381499655021,num col,1,genotype,
agent id,0,time step, 3343.4900000000002,fitness,0,xpos,0.9317154797122861,ypos,-1.041656686897815,num col,2,genotype,
agent id,1,time step, 3343.55,fitness,0,xpos,0.8746681533686287,ypos,-1.041648664729748,num col,5,genotype,
agent id,2,time step, 3343.61,fitness,0,xpos,-1.0116186197903074,ypos,-1.0417137908223613,num col,5,genotype,
agent id,3,time step, 3343.67,fitness,0,xpos,0.931708819292313,ypos,0.9016275417177017,num col,1,genotype,
agent id,4,time step, 3343.73,fitness,0,xpos,0.2404808352569539,ypos,0.9015377072574935,num col,1,genotype,
agent id,0,time step, 3375.33,fitness,0,xpos,0.5225408189865279,ypos,-0.36969340467524137,num col,2,genotype,
agent id,1,time step, 3375.39,fitness,0,xpos,0.3144324166305799,ypos,-0.418773892791779,num col,5,genotype,
agent id,2,time step, 3375.4500000000003,fitness,0,xpos,-0.22629441565363667,ypos,-0.4503543189291949,num col,5,genotype,
agent id,3,time step, 3375.51,fitness,0,xpos,0.3929120149267232,ypos,0.48745300201461544,num col,1,genotype,
agent id,4,time step, 3375.57,fitness,0,xpos,0.19704272750795424,ypos,0.49266003677892484,num col,1,genotype,
agent id,0,time step, 3405.73,fitness,0,xpos,0.8711600143455712,ypos,-0.6634435812551721,num col,2,genotype,
agent id,1,time step, 3405.79,fitness,0,xpos,0.6484391203382206,ypos,-0.7290398119568673,num col,5,genotype,
agent id,2,time step, 3405.85,fitness,0,xpos,-0.43238661577443643,ypos,-0.8569909014951234,num col,5,genotype,
agent id,3,time step, 3405.91,fitness,0,xpos,0.7807478327654547,ypos,0.7270220213741527,num col,2,genotype,
agent id,4,time step, 3405.9700000000003,fitness,0,xpos,0.21845912711463822,ypos,0.8499567967627065,num col,1,genotype,
agent id,0,time step, 3436.11,fitness,0,xpos,0.9316787232659889,ypos,-0.9580344504148312,num col,2,genotype,
agent id,1,time step, 3436.17,fitness,0,xpos,0.9316719853147761,ypos,-1.039219212337789,num col,5,genotype,
agent id,2,time step, 3436.23,fitness,0,xpos,-0.639763601579545,ypos,-1.0417109619718408,num col,5,genotype,
agent id,3,time step, 3436.29,fitness,0,xpos,0.9317010040421502,ypos,0.9016246978724205,num col,2,genotype,
agent id,4,time step, 3436.35,fitness,0,xpos,0.21903685927923047,ypos,0.8503336231637871,num col,1,genotype,
agent id,0,time step, 3466.53,fitness,0,xpos,0.9316548941631531,ypos,-0.9846647429588918,num col,2,genotype,
agent id,1,time step, 3466.59,fitness,0,xpos,0.9316557053930903,ypos,-1.0417152076693224,num col,5,genotype,
agent id,2,time step, 3466.65,fitness,0,xpos,-0.8530789051719107,ypos,-1.041713516036739,num col,5,genotype,
agent id,3,time step, 3466.71,fitness,0,xpos,0.9317066962891986,ypos,0.9016274662738675,num col,2,genotype,
agent id,4,time step, 3466.77,fitness,0,xpos,0.14643741033632282,ypos,0.9017182115916782,num col,1,genotype,
agent id,0,time step, 3496.9300000000003,fitness,0,xpos,0.9316530578229606,ypos,-0.9846645393443124,num col,2,genotype,
agent id,1,time step, 3496.9900000000002,fitness,0,xpos,0.9316540275327228,ypos,-1.0417125949322013,num col,5,genotype,
agent id,2,time step, 3497.05,fitness,0,xpos,-1.0116168184440895,ypos,-1.0417099701901644,num col,5,genotype,
agent id,3,time step, 3497.11,fitness,0,xpos,0.9317048937161302,ypos,0.9016253399890785,num col,2,genotype,
agent id,4,time step, 3497.17,fitness,0,xpos,-0.06532079621908468,ypos,0.9017114953796128,num col,1,genotype,
agent id,0,time step, 3527.31,fitness,0,xpos,0.931652357434609,ypos,-0.9846645454148005,num col,2,genotype,
agent id,1,time step, 3527.37,fitness,0,xpos,0.931653148761917,ypos,-1.0417114663770544,num col,5,genotype,
agent id,2,time step, 3527.4300000000003,fitness,0,xpos,-1.0116165166993671,ypos,-1.0417079159892517,num col,5,genotype,
agent id,3,time step, 3527.4900000000002,fitness,0,xpos,0.9317019660356037,ypos,0.9016228931734944,num col,2,genotype,
agent id,4,time step, 3527.55,fitness,0,xpos,-0.28475466355680035,ypos,0.9017047642746397,num col,1,genotype,
agent id,0,time step, 3557.73,fitness,0,xpos,0.931655343234142,ypos,-0.984664798882573,num col,2,genotype,
agent id,1,time step, 3557.79,fitness,0,xpos,0.9316560073361707,ypos,-1.0417147176083699,num col,5,genotype,
agent id,2,time step, 3557.85,fitness,0,xpos,-1.0116184536370294,ypos,-1.041712458125608,num col,5,genotype,
agent id,3,time step, 3557.91,fitness,0,xpos,0.9317076074720795,ypos,0.9016255341864837,num col,2,genotype,
agent id,4,time step, 3557.9700000000003,fitness,0,xpos,-0.5049676371933344,ypos,0.9017099373744923,num col,1,genotype,
agent id,0,time step, 3588.11,fitness,0,xpos,0.9316537894767284,ypos,-0.9846643348339285,num col,2,genotype,
agent id,1,time step, 3588.17,fitness,0,xpos,0.9316547419240397,ypos,-1.0417124319649402,num col,5,genotype,
agent id,2,time step, 3588.23,fitness,0,xpos,-1.011616971118922,ypos,-1.0417103589227965,num col,5,genotype,
agent id,3,time step, 3588.29,fitness,0,xpos,0.9317066112264021,ypos,0.9016238835833966,num col,2,genotype,
agent id,4,time step, 3588.35,fitness,0,xpos,-0.7248952869278711,ypos,0.9017050306786089,num col,1,genotype,
agent id,0,time step, 3618.53,fitness,0,xpos,0.9316526197191529,ypos,-0.9846649060354635,num col,2,genotype,
agent id,1,time step, 3618.59,fitness,0,xpos,0.9316534474384078,ypos,-1.0417109308689767,num col,5,genotype,
agent id,2,time step, 3618.65,fitness,0,xpos,-1.0116161235756487,ypos,-1.041707505737395,num col,5,genotype,
agent id,3,time step, 3618.71,fitness,0,xpos,0.9317030393378913,ypos,0.9016210502329755,num col,2,genotype,
agent id,4,time step, 3618.77,fitness,0,xpos,-0.9451250356330981,ypos,0.9017041231815688,num col,1,genotype,
agent id,0,time step, 3649.9300000000003,fitness,0,xpos,0.49164995383478594,ypos,-0.3975354568781985,num col,3,genotype,
agent id,1,time step, 3649.9900000000002,fitness,0,xpos,0.19543576821372236,ypos,-0.5059287575891136,num col,5,genotype,
agent id,2,time step, 3650.05,fitness,0,xpos,-0.1303014103382532,ypos,-0.4794271062658387,num col,5,genotype,
agent id,3,time step, 3650.11,fitness,0,xpos,0.39083675949907787,ypos,0.4779715339577072,num col,2,genotype,
agent id,4,time step, 3650.17,fitness,0,xpos,-0.0805501398860936,ypos,0.43067115042945114,num col,1,genotype,
agent id,0,time step, 3680.33,fitness,0,xpos,0.8133969850441973,ypos,-0.7205527631684552,num col,3,genotype,
agent id,1,time step, 3680.39,fitness,0,xpos,0.4156834298519938,ypos,-0.9051297534001131,num col,5,genotype,
agent id,2,time step, 3680.4500000000003,fitness,0,xpos,-0.2415606708387628,ypos,-0.9215847278587408,num col,5,genotype,
agent id,3,time step, 3680.51,fitness,0,xpos,0.7822324975013971,ypos,0.7118453288126317,num col,2,genotype,
agent id,4,time step, 3680.57,fitness,0,xpos,-0.3123576827231416,ypos,0.823242421161065,num col,1,genotype,
agent id,0,time step, 3710.73,fitness,0,xpos,0.9316690793261673,ypos,-1.0416691852884163,num col,3,genotype,
agent id,1,time step, 3710.79,fitness,0,xpos,0.6373827156078264,ypos,-1.041710024977229,num col,5,genotype,
agent id,2,time step, 3710.85,fitness,0,xpos,-0.35882322942079525,ypos,-1.0417351748062589,num col,5,genotype,
agent id,3,time step, 3710.91,fitness,0,xpos,0.9317078166147172,ypos,0.9016254499077617,num col,2,genotype,
agent id,4,time step, 3710.9700000000003,fitness,0,xpos,-0.5354503721841053,ypos,0.9017135114798126,num col,1,genotype,
agent id,0,time step, 3741.11,fitness,0,xpos,0.931664805163614,ypos,-1.04166452342982,num col,3,genotype,
agent id,1,time step, 3741.17,fitness,0,xpos,0.8640419523289348,ypos,-1.041702913027319,num col,5,genotype,
agent id,2,time step, 3741.23,fitness,0,xpos,-0.49298126425522626,ypos,-1.0417254674758019,num col,5,genotype,
agent id,3,time step, 3741.29,fitness,0,xpos,0.9317011989667441,ypos,0.9016210084945667,num col,2,genotype,
agent id,4,time step, 3741.35,fitness,0,xpos,-0.7563140965514409,ypos,0.901710021061341,num col,1,genotype,
agent id,0,time step, 3771.53,fitness,0,xpos,0.9317151083844759,ypos,-1.0416560830537882,num col,3,genotype,
agent id,1,time step, 3771.59,fitness,0,xpos,0.8746688665114162,ypos,-1.0416475572989565,num col,5,genotype,
agent id,2,time step, 3771.65,fitness,0,xpos,-0.6414623882518097,ypos,-1.041729307332754,num col,5,genotype,
agent id,3,time step, 3771.71,fitness,0,xpos,0.9317076130762548,ypos,0.9016238038090992,num col,2,genotype,
agent id,4,time step, 3771.77,fitness,0,xpos,-0.9774553209460558,ypos,0.9017135554711971,num col,1,genotype,
agent id,0,time step, 3801.91,fitness,0,xpos,0.9317140469336735,ypos,-1.0416554386541546,num col,3,genotype,
agent id,1,time step, 3801.9700000000003,fitness,0,xpos,0.8746678783643412,ypos,-1.0416475503632734,num col,5,genotype,
agent id,2,time step, 3802.03,fitness,0,xpos,-0.8016427024086876,ypos,-1.0417275250387366,num col,5,genotype,
agent id,3,time step, 3802.09,fitness,0,xpos,0.9317097502040949,ypos,0.9016238110790571,num col,2,genotype,
agent id,4,time step, 3802.15,fitness,0,xpos,-1.0037656105576127,ypos,0.9017105245881241,num col,1,genotype,
agent id,0,time step, 3832.33,fitness,0,xpos,0.9317095024686207,ypos,-1.0416516769479665,num col,3,genotype,
agent id,1,time step, 3832.39,fitness,0,xpos,0.8746677679082026,ypos,-1.0416444370706603,num col,5,genotype,
agent id,2,time step, 3832.4500000000003,fitness,0,xpos,-0.9724882706160528,ypos,-1.041718185934624,num col,5,genotype,
agent id,3,time step, 3832.51,fitness,0,xpos,0.9317027593658445,ypos,0.9016191949928014,num col,2,genotype,
agent id,4,time step, 3832.57,fitness,0,xpos,-1.003770687596692,ypos,0.9016996817319183,num col,1,genotype,
agent id,0,time step, 3862.71,fitness,0,xpos,0.9317144182621485,ypos,-1.041656134327352,num col,3,genotype,
agent id,1,time step, 3862.77,fitness,0,xpos,0.8746682074191748,ypos,-1.0416482501560211,num col,5,genotype,
agent id,2,time step, 3862.83,fitness,0,xpos,-1.011618240936464,ypos,-1.0417114457027115,num col,5,genotype,
agent id,3,time step, 3862.89,fitness,0,xpos,0.9317083959043762,ypos,0.9016214649528176,num col,2,genotype,
agent id,4,time step, 3862.9500000000003,fitness,0,xpos,-1.003775503047613,ypos,0.901708318294012,num col,1,genotype,
agent id,0,time step, 3893.13,fitness,0,xpos,0.931714428685408,ypos,-1.0416563839255801,num col,3,genotype,
agent id,1,time step, 3893.19,fitness,0,xpos,0.8746677693652077,ypos,-1.0416488024740131,num col,5,genotype,
agent id,2,time step, 3893.25,fitness,0,xpos,-1.011618226788274,ypos,-1.0417130806310275,num col,5,genotype,
agent id,3,time step, 3893.31,fitness,0,xpos,0.9317119185366435,ypos,0.9016221562761717,num col,2,genotype,
agent id,4,time step, 3893.37,fitness,0,xpos,-1.0037660698700726,ypos,0.9017113720681725,num col,1,genotype,
agent id,0,time step, 3926.4900000000002,fitness,0,xpos,0.5394782256632515,ypos,-0.38500792126288985,num col,3,genotype,
agent id,1,time step, 3926.55,fitness,0,xpos,0.3276330210324037,ypos,-0.43800228296993776,num col,5,genotype,
agent id,2,time step, 3926.61,fitness,0,xpos,-0.23266269580772592,ypos,-0.47345962562652194,num col,5,genotype,
agent id,3,time step, 3926.67,fitness,0,xpos,0.4209407088249384,ypos,0.48494832294387374,num col,3,genotype,
agent id,4,time step, 3926.73,fitness,0,xpos,-0.06724449499471472,ypos,0.45167344128921805,num col,1,genotype,
agent id,0,time step, 3956.89,fitness,0,xpos,0.8876311586990586,ypos,-0.6793588912043717,num col,3,genotype,
agent id,1,time step, 3956.9500000000003,fitness,0,xpos,0.6584445385064399,ypos,-0.7517187872723233,num col,5,genotype,
agent id,2,time step, 3957.01,fitness,0,xpos,-0.4347573651578431,ypos,-0.8821407815359303,num col,5,genotype,
agent id,3,time step, 3957.07,fitness,0,xpos,0.8166334718326076,ypos,0.7114536132543451,num col,3,genotype,
agent id,4,time step, 3957.14,fitness,0,xpos,-0.2877991544975289,ypos,0.8508426415736741,num col,1,genotype,
agent id,0,time step, 3987.28,fitness,0,xpos,0.9316800592719728,ypos,-0.9746578544170388,num col,3,genotype,
agent id,1,time step, 3987.34,fitness,0,xpos,0.9316729163801144,ypos,-1.041662828324819,num col,5,genotype,
agent id,2,time step, 3987.4,fitness,0,xpos,-0.6384522269006349,ypos,-1.0417149848459728,num col,5,genotype,
agent id,3,time step, 3987.46,fitness,0,xpos,0.9317094284981143,ypos,0.9016216912402463,num col,3,genotype,
agent id,4,time step, 3987.52,fitness,0,xpos,-0.5084708742795965,ypos,0.9017121502544921,num col,1,genotype,
agent id,0,time step, 4017.7000000000003,fitness,0,xpos,0.9316502453222366,ypos,-0.9846650606343332,num col,3,genotype,
agent id,1,time step, 4017.76,fitness,0,xpos,0.9316526448318396,ypos,-1.0417105121843744,num col,5,genotype,
agent id,2,time step, 4017.82,fitness,0,xpos,-0.8485198933011986,ypos,-1.0417086275878176,num col,5,genotype,
agent id,3,time step, 4017.88,fitness,0,xpos,0.9317042906267097,ypos,0.9016179829088995,num col,3,genotype,
agent id,4,time step, 4017.94,fitness,0,xpos,-0.7297145723213668,ypos,0.901709917122762,num col,2,genotype,
agent id,0,time step, 4048.1,fitness,0,xpos,0.9316542727785271,ypos,-0.9846654507259455,num col,3,genotype,
agent id,1,time step, 4048.1600000000003,fitness,0,xpos,0.9316557403029679,ypos,-1.0417147692984994,num col,5,genotype,
agent id,2,time step, 4048.2200000000003,fitness,0,xpos,-1.011619354984494,ypos,-1.0417115961214156,num col,5,genotype,
agent id,3,time step, 4048.28,fitness,0,xpos,0.9317102888138525,ypos,0.9016203904315917,num col,3,genotype,
agent id,4,time step, 4048.34,fitness,0,xpos,-0.9507859932826416,ypos,0.9017149416880103,num col,3,genotype,
agent id,0,time step, 4078.48,fitness,0,xpos,0.9316535285417781,ypos,-0.9846645788091666,num col,3,genotype,
agent id,1,time step, 4078.54,fitness,0,xpos,0.9316551867126309,ypos,-1.0417133910362442,num col,5,genotype,
agent id,2,time step, 4078.6,fitness,0,xpos,-1.0116176804340702,ypos,-1.041711471627204,num col,5,genotype,
agent id,3,time step, 4078.6600000000003,fitness,0,xpos,0.931711474708048,ypos,0.9016200241661408,num col,3,genotype,
agent id,4,time step, 4078.7200000000003,fitness,0,xpos,-1.0037832405365863,ypos,0.9017083401756064,num col,3,genotype,
agent id,0,time step, 4108.9,fitness,0,xpos,0.9316511986128228,ypos,-0.9846646913609901,num col,3,genotype,
agent id,1,time step, 4108.96,fitness,0,xpos,0.9316527688733668,ypos,-1.0417102521787565,num col,5,genotype,
agent id,2,time step, 4109.02,fitness,0,xpos,-1.0116154954393426,ypos,-1.0417063365083854,num col,5,genotype,
agent id,3,time step, 4109.08,fitness,0,xpos,0.9317057581381761,ypos,0.9016160461736574,num col,3,genotype,
agent id,4,time step, 4109.14,fitness,0,xpos,-1.0037769011764732,ypos,0.9016952769637143,num col,3,genotype,
agent id,0,time step, 4139.28,fitness,0,xpos,0.9316551657026281,ypos,-0.9846647672183467,num col,3,genotype,
agent id,1,time step, 4139.34,fitness,0,xpos,0.9316556968788399,ypos,-1.0417143301306433,num col,5,genotype,
agent id,2,time step, 4139.4,fitness,0,xpos,-1.011618382713813,ypos,-1.0417117730027776,num col,5,genotype,
agent id,3,time step, 4139.46,fitness,0,xpos,0.9317111946418237,ypos,0.9016180514445282,num col,3,genotype,
agent id,4,time step, 4139.52,fitness,0,xpos,-1.0037977573868484,ypos,0.9017108139274679,num col,3,genotype,
agent id,0,time step, 4169.7,fitness,0,xpos,0.931654935484836,ypos,-0.9846641448790747,num col,3,genotype,
agent id,1,time step, 4169.76,fitness,0,xpos,0.9316558272632163,ypos,-1.0417136642233724,num col,5,genotype,
agent id,2,time step, 4169.82,fitness,0,xpos,-1.0116178684999033,ypos,-1.0417122124307017,num col,5,genotype,
agent id,3,time step, 4169.88,fitness,0,xpos,0.9317130949068745,ypos,0.9016190043614262,num col,3,genotype,
agent id,4,time step, 4169.9400000000005,fitness,0,xpos,-1.0037845009518274,ypos,0.9017096692657947,num col,3,genotype,
agent id,1,time step, 39.59,fitness,0,xpos,0.53146649602044,ypos,-0.3838343188135486,num col,0,genotype,
agent id,2,time step, 39.65,fitness,0,xpos,-0.047870807361770545,ypos,0.20308214368140498,num col,0,genotype,
agent id,3,time step, 39.71,fitness,0,xpos,0.08043949431887888,ypos,-0.3138827074808575,num col,0,genotype,
agent id,4,time step, 39.77,fitness,0,xpos,0.15236563641764733,ypos,-0.5386386559660999,num col,0,genotype,
agent id,5,time step, 39.83,fitness,0,xpos,0.07601859255433771,ypos,0.320038450544213,num col,0,genotype,
agent id,6,time step, 39.89,fitness,0,xpos,0.43502072293326793,ypos,-0.02904556557262473,num col,0,genotype,
agent id,7,time step, 39.95,fitness,0,xpos,-0.3331192379438832,ypos,0.34527649907892355,num col,0,genotype,
agent id,8,time step, 40.01,fitness,0,xpos,-0.27124966801575917,ypos,0.18473651283871373,num col,0,genotype,
agent id,9,time step, 40.07,fitness,0,xpos,0.5459140374359585,ypos,0.3099898727470355,num col,0,genotype,
agent id,10,time step, 40.13,fitness,0,xpos,-0.08826667430851345,ypos,0.03640165469919444,num col,0,genotype,
agent id,11,time step, 40.19,fitness,0,xpos,-0.2199818882727972,ypos,-0.7424641166222423,num col,0,genotype,
agent id,12,time step, 40.25,fitness,0,xpos,0.4338912752232635,ypos,-0.2044584786875868,num col,0,genotype,
agent id,13,time step, 40.31,fitness,0,xpos,-0.12519612130145077,ypos,0.3964820747887478,num col,0,genotype,
agent id,14,time step, 40.37,fitness,0,xpos,0.45029395096395974,ypos,-0.1494699712782652,num col,0,genotype,
